{"湖北武汉":[114.305392,30.593098],"湖北孝感":[113.916902,30.924568],"湖北黄冈":[114.872316,30.453905],"湖北荆州":[112.239741,30.335165],"湖北随州":[113.382458,31.690215],"湖北襄阳":[112.122414,32.008986],"湖北鄂州":[114.894843,30.39194],"湖北荆门":[112.199265,31.035423],"湖北黄石":[115.03852,30.199652],"湖北宜昌":[111.286471,30.691967],"湖北十堰":[110.79799,32.629397],"湖北咸宁":[114.322492,29.841443],"湖北仙桃":[113.442973,30.328407],"湖北天门":[113.166558,30.66372],"湖北恩施州":[109.488172,30.272156],"湖北潜江":[112.900287,30.401947],"湖北神农架":[114.341861,30.546498],"湖北地区待确认":[114.341861,30.546498],"广东深圳":[114.057868,22.543099],"广东广州":[113.264434,23.129162],"广东珠海":[113.576726,22.270715],"广东佛山":[113.121416,23.021548],"广东东莞":[113.751765,23.020536],"广东中山":[113.392782,22.517645],"广东惠州":[114.416196,23.111847],"广东汕头":[116.681972,23.354091],"广东江门":[113.081901,22.578738],"广东湛江":[110.359377,21.270707],"广东肇庆":[112.465091,23.047191],"广东茂名":[110.925456,21.662999],"广东梅州":[116.122238,24.288615],"广东阳江":[111.982232,21.857958],"广东清远":[113.056031,23.681763],"广东韶关":[113.597522,24.810403],"广东揭阳":[116.372831,23.549993],"广东汕尾":[115.375278,22.786211],"广东潮州":[116.622603,23.65695],"广东河源":[114.700447,23.743538],"广东地区待确认":[113.337507,23.146408],"河南信阳":[114.091023,32.146983],"河南南阳":[112.528321,32.990833],"河南郑州":[113.625368,34.746599],"河南驻马店":[114.022298,33.011529],"河南商丘":[115.65637,34.414172],"河南周口":[114.696951,33.626149],"河南平顶山":[113.192661,33.766169],"河南新乡":[113.9268,35.303004],"河南安阳":[114.392392,36.097577],"河南许昌":[113.85264,34.035506],"河南漯河":[114.016539,33.581412],"河南洛阳":[112.45404,34.619682],"河南焦作":[113.241823,35.215892],"河南开封":[114.307581,34.797239],"河南鹤壁":[114.297272,35.747225],"河南濮阳":[115.029215,35.761829],"河南三门峡":[111.200135,34.772493],"河南济源示范区":[112.601919,35.067243],"河南地区待确认":[113.753602,34.765515],"浙江温州":[120.699366,27.994267],"浙江杭州":[120.15507,30.274084],"浙江宁波":[121.550357,29.874556],"浙江台州":[121.420757,28.656386],"浙江金华":[119.647444,29.079059],"浙江嘉兴":[120.755486,30.746129],"浙江绍兴":[120.580232,30.029752],"浙江衢州":[118.859457,28.970079],"浙江丽水":[119.922796,28.46763],"浙江湖州":[120.086823,30.894348],"浙江舟山":[122.207215,29.985295],"湖南长沙":[112.938814,28.228209],"湖南岳阳":[113.128958,29.357104],"湖南邵阳":[111.467791,27.238892],"湖南常德":[111.698497,29.031673],"湖南株洲":[113.134002,27.82755],"湖南娄底":[111.993497,27.700062],"湖南益阳":[112.35518,28.55386],"湖南衡阳":[112.571997,26.89323],"湖南永州":[111.613445,26.420394],"湖南怀化":[109.998488,27.554978],"湖南郴州":[113.014717,25.770509],"湖南湘潭":[112.944049,27.829738],"湖南湘西自治州":[109.739172,28.311947],"湖南张家界":[110.479191,29.117096],"安徽合肥":[117.227239,31.820586],"安徽蚌埠":[117.389719,32.916287],"安徽阜阳":[115.814204,32.890124],"安徽亳州":[115.778676,33.844582],"安徽安庆":[117.063754,30.543494],"安徽六安":[116.521854,31.733699],"安徽宿州":[116.964356,33.646373],"安徽马鞍山":[118.506759,31.670452],"安徽芜湖":[118.432941,31.352859],"安徽铜陵":[117.812079,30.945429],"安徽淮北":[116.798265,33.955844],"安徽淮南":[116.999932,32.625478],"安徽池州":[117.491568,30.6648],"安徽滁州":[118.317106,32.301556],"安徽黄山":[118.337481,29.714655],"安徽宣城":[118.758816,30.940718],"江西南昌":[115.858197,28.682892],"江西新余":[114.917346,27.817808],"江西上饶":[117.943433,28.454862],"江西九江":[116.00193,29.705077],"江西宜春":[114.416778,27.815619],"江西赣州":[114.935029,25.831829],"江西抚州":[116.358181,27.949217],"江西萍乡":[113.854556,27.622768],"江西吉安":[114.992509,27.113443],"江西鹰潭":[117.069202,28.260189],"江西景德镇":[117.178419,29.268835],"江西赣江新区":[115.966557,28.734384],"江苏南京":[118.796877,32.060255],"江苏苏州":[120.585315,31.298886],"江苏徐州":[117.284124,34.205768],"江苏淮安":[119.015285,33.610353],"江苏无锡":[120.31191,31.491169],"江苏连云港":[119.221611,34.596653],"江苏南通":[120.894291,31.980171],"江苏常州":[119.973987,31.810689],"江苏泰州":[119.923116,32.455778],"江苏盐城":[120.163561,33.347382],"江苏扬州":[119.412966,32.39421],"江苏镇江":[119.425836,32.187849],"江苏宿迁":[118.275198,33.963232],"重庆万州区":[108.408661,30.807667],"重庆江北区":[106.574271,29.606703],"重庆云阳县":[108.697324,30.930613],"重庆綦江区":[106.651362,29.028067],"重庆合川区":[106.27613,29.972084],"重庆垫江县":[107.33339,30.327717],"重庆渝中区":[106.568892,29.55275],"重庆开州区":[108.393143,31.1607],"重庆九龙坡区":[106.53192,29.51419],"重庆忠县":[108.039002,30.29956],"重庆奉节县":[109.463987,31.018498],"重庆两江新区":[106.5626,29.6674],"重庆长寿区":[107.081283,29.857996],"重庆潼南区":[105.840556,30.191013],"重庆渝北区":[106.631187,29.718143],"重庆大足区":[105.721733,29.707032],"重庆南岸区":[106.644428,29.500297],"重庆石柱县":[108.114069,29.999285],"重庆巫溪县":[109.570062,31.398604],"重庆巫山县":[109.879153,31.074834],"重庆丰都县":[107.730895,29.8635],"重庆铜梁区":[106.056404,29.844811],"重庆荣昌区":[105.594623,29.405002],"重庆沙坪坝区":[106.456878,29.541145],"重庆璧山区":[106.227305,29.592024],"重庆大渡口区":[106.482347,29.484527],"重庆巴南区":[106.53384,29.375528],"重庆永川区":[105.927376,29.356117],"重庆江津区":[106.259281,29.290069],"重庆高新区":[106.551556,29.563009],"重庆梁平区":[107.769581,30.65423],"重庆涪陵区":[107.389298,29.703113],"重庆黔江区":[108.770678,29.53361],"重庆城口县":[108.664214,31.947633],"重庆彭水县":[108.165538,29.293902],"重庆万盛经开区":[106.929373,28.948869],"重庆酉阳县":[108.767747,28.841244],"重庆武隆区":[107.760025,29.325601],"重庆秀山县":[109.007094,28.447997],"重庆区域待定":[106.551556,29.563009],"山东青岛":[120.382639,36.067082],"山东济南":[117.119999,36.651216],"山东烟台":[121.447935,37.463822],"山东临沂":[118.356448,35.104672],"山东济宁":[116.587098,35.414921],"山东潍坊":[119.161755,36.706774],"山东威海":[122.120419,37.513068],"山东聊城":[115.985371,36.456703],"山东德州":[116.357464,37.434092],"山东泰安":[117.087614,36.200252],"山东枣庄":[117.323725,34.810487],"山东淄博":[118.054927,36.813487],"山东菏泽":[115.480656,35.23375],"山东日照":[119.526888,35.416377],"山东滨州":[117.970703,37.38199],"四川成都":[104.066541,30.572269],"四川甘孜":[101.96231,30.04952],"四川达州":[107.468023,31.209571],"四川南充":[106.110698,30.837793],"四川广安":[106.633212,30.455961],"四川绵阳":[104.679114,31.46745],"四川巴中":[106.747477,31.867903],"四川内江":[105.058433,29.580228],"四川泸州":[105.442258,28.87181],"四川德阳":[104.397894,31.126855],"四川攀枝花":[101.718637,26.582347],"四川宜宾":[104.643215,28.751768],"四川遂宁":[105.592898,30.532847],"四川凉山":[102.267335,27.88161],"四川自贡":[104.778442,29.33903],"四川眉山":[103.848538,30.075439],"四川雅安":[103.013261,29.980537],"四川广元":[105.843357,32.435435],"四川乐山":[103.765568,29.552106],"四川资阳":[104.627636,30.128901],"四川阿坝":[102.224653,31.899413],"黑龙江哈尔滨":[126.534967,45.803775],"黑龙江绥化":[126.968887,46.653845],"黑龙江鸡西":[130.969333,45.295075],"黑龙江双鸭山":[131.159133,46.646508],"黑龙江齐齐哈尔":[123.918186,47.354348],"黑龙江七台河":[131.003138,45.771726],"黑龙江大庆":[125.103784,46.589309],"黑龙江佳木斯":[130.318917,46.799922],"黑龙江牡丹江":[129.633168,44.551653],"黑龙江黑河":[127.52856,50.245329],"黑龙江鹤岗":[130.297964,47.349916],"黑龙江大兴安岭":[124.71108,52.335206],"北京海淀":[116.329519,39.972134],"北京朝阳":[116.601144,39.948574],"北京西城":[116.365868,39.912289],"北京大兴":[116.341014,39.784747],"北京丰台":[116.287149,39.858427],"北京外地来京":[116.407526,39.90403],"北京昌平":[116.231204,40.22066],"北京通州":[116.656435,39.909946],"北京房山":[116.143267,39.749144],"北京石景山":[116.222982,39.906611],"北京东城":[116.416357,39.928353],"北京顺义":[116.654561,40.130347],"北京密云":[116.843177,40.376834],"北京怀柔":[116.642349,40.315704],"北京门头沟":[116.102009,39.940646],"北京延庆":[115.974848,40.456951],"北京地区待确认":[116.407526,39.90403],"上海外地来沪":[121.473701,31.230416],"上海浦东":[121.544379,31.221517],"上海宝山":[121.489612,31.405457],"上海闵行":[121.381709,31.112813],"上海徐汇":[121.437866,31.19919],"上海静安":[121.459384,31.247105],"上海松江":[121.227747,31.032243],"上海长宁":[121.424624,31.220367],"上海普陀":[121.395555,31.24984],"上海奉贤":[121.474042,30.917795],"上海杨浦":[121.526077,31.259541],"上海嘉定":[121.2653,31.375602],"上海虹口":[121.505133,31.2646],"上海黄浦":[121.46924,31.22986],"上海青浦":[121.124178,31.150681],"上海金山":[121.34197,30.741991],"上海崇明":[121.397417,31.623587],"上海地区待确认":[121.473701,31.230416],"福建福州":[119.296494,26.074507],"福建莆田":[119.007777,25.454084],"福建泉州":[118.675675,24.874132],"福建厦门":[118.089425,24.479833],"福建宁德":[119.547932,26.665617],"福建南平":[118.177708,26.641768],"福建漳州":[117.647481,24.512948],"福建三明":[117.638678,26.263406],"福建龙岩":[117.017536,25.075123],"福建地区待确认":[119.295144,26.100779],"河北沧州":[116.838834,38.304477],"河北唐山":[118.180193,39.630867],"河北邯郸":[114.538961,36.625657],"河北保定":[115.464806,38.873891],"河北廊坊":[116.683752,39.538047],"河北石家庄":[114.514859,38.042306],"河北张家口":[114.887543,40.824418],